INSERT INTO timeboard_user(id, login, password, email, first_name, second_name, creation_time, ts)
VALUES ('6f2228c5-76ff-44c4-b4ca-304994e90efa', 'sergey', '123qwe321', 'MiaAld@mail.com', 'MIA', 'Aldridge', '2021-04-17 22:00:00.00', 0),
       ('b92f1bd4-d7c9-4cbd-8d62-1f4f5e9bc908', 'root', '1234567', 'JamArc@mail.com', 'JAMES', 'Archibald', '2021-04-17 22:00:00.00', 0),
       ('db74f4f1-dadc-4b1f-a817-0aaafededfcc', 'irina', '1234678', 'EmiAnd@mail.com', 'EMILY', 'Andrews', '2021-04-17 22:00:00.00', 0),
       ('5ffe3bd6-3940-4e44-89fe-dc014d46cb6c', 'user3', '112233qwe', 'AvaAtt@mail.com', 'AVA', 'Attwood', '2021-04-17 22:00:00.00', 0),
       ('c209f968-617b-4781-ab8a-317ff8d72821', 'system', '123qweasd', 'PopAtc@mail.com', 'POPPY', 'Atcheson', '2021-04-17 22:00:00.00', 0),
       ('7a9d07f2-9d6b-415e-aee4-7809dfd0f442', 'test', '123qweasd123', 'FreAdr@mail.com', 'FREYA', 'Adrian', '2021-04-17 22:00:00.00', 0),
       ('e853b5b7-6ab5-451e-a0b7-047ac6f93d9e', 'natasha', '1234567890qw', 'MuhBab@mail.com', 'MUHAMMAD', 'Babcock', '2021-04-17 22:00:00.00', 0),
       ('4e7a3879-0140-4162-a7e2-abe7eb999453', 'office', '123qwe', 'GeoAdd@mail.com', 'GEORGE', 'Adderiy', '2021-04-17 22:00:00.00', 0),
       ('2ae0096f-66f2-4dc9-93e8-73ad4c2ec045', 'oleg', 'qazaqazaq', 'HarArn@mail.com', 'HARRY', 'Arnold', '2021-04-17 22:00:00.00', 0),
       ('0ce6a971-d2c0-46ef-916d-9974e171bb50', 'support', '1q2w3e', 'ChaAyr@mail.com', 'CHARLIE', 'Ayrton', '2021-04-17 22:00:00.00', 0),
       ('e9931071-aec4-42ab-ba04-3eba8dbd6185', 'director', '123456789', 'HenAud@mail.com', 'HENRY', 'Audley', '2021-04-17 22:00:00.00', 0),
       ('99592dd5-fbad-46f9-ae30-654cf93df3fc', 'tester', '12345', 'LilAdd@mail.com', 'LILY', 'Addington', '2021-04-17 22:00:00.00', 0),
       ('e00ae2d4-962a-4bc1-b8b6-f9e61b4b207a', 'service', '12qwaszx', 'EllAll@mail.com', 'ELLA', 'Allford', '2021-04-17 22:00:00.00', 0),
       ('090d0d1d-7a93-4e98-a980-0e9f1d8ecd53', 'manager', '5q5q5q', 'OscAbr@mail.com', 'OSCAR', 'Abramson', '2021-04-17 22:00:00.00', 0),
       ('150e02e0-31e3-45f5-bb69-2b43cd68ad57', 'user', '1qazzaq1', 'EthAnd@mail.com', 'ETHAN', 'Anderson', '2021-04-17 22:00:00.00', 0),
       ('c0cd0ad3-1654-4b5d-bedd-431e50033ea5', 'Sklad', 'Qazwsxe5', 'AmeAls@mail.com', 'AMELIA', 'Alsopp', '2021-04-17 22:00:00.00', 0),
       ('ec5ac159-6e1b-48b1-a4d7-0e1e6f5f51e9', 'admin', '123123z', 'ScaAus@mail.com', 'SCARLETT', 'Austin', '2021-04-17 22:00:00.00', 0),
       ('8fcf281f-716b-4629-b28b-db4b9b4c31fb', 'adm', '123456', 'OliAda@mail.com', 'OLIVER', 'Adamson', '2021-04-17 22:00:00.00', 0),
       ('f1f3af49-ddad-4972-a77d-59aae7375948', 'user1', 'qwerasdf1234', 'LeoArt@mail.com', 'LEO', 'Arthurs', '2021-04-17 22:00:00.00', 0);

INSERT INTO timeboard_personal_group_task(id, name, creation_time, ts)
VALUES ('0e512b36-e35a-42ce-8bbc-95c6c157750e', 'Work', '2021-04-17 22:00:00.00', 0),
       ('35ac86aa-eb16-49ed-a784-f61729adce61', 'Home', '2021-04-17 22:00:00.00', 0),
       ('458502df-7c26-46e3-8035-2d1f36f465b0', 'Films', '2021-04-17 22:00:00.00', 0),
       ('4a76eba8-1aae-4a1d-80d3-3e92f4294242', 'Shop', '2021-04-17 22:00:00.00', 0),
       ('fa8cdb48-c658-4192-8f9b-473f399ae051', 'Car', '2021-04-17 22:00:00.00', 0),
       ('593971d8-24d5-4a01-a983-0ff1082b8fee', 'Dreams', '2021-04-17 22:00:00.00', 0),
       ('8148b638-5a15-408e-a9cd-df44cd6d814a', 'Games', '2021-04-17 22:00:00.00', 0),
       ('1cda2377-698f-4d63-8b79-4710a1317ff3', 'Friends', '2021-04-17 22:00:00.00', 0),
       ('cde986ce-3a67-4cc7-968e-a5830bda62fd', 'Cat', '2021-04-17 22:00:00.00', 0),
       ('23e7d16b-d946-411c-815d-6c5cb4bc28a2', 'Family', '2021-04-17 22:00:00.00', 0);

INSERT INTO timeboard_personal_task(id, done_date, done, description, name, personal_group_task_id, user_id,
                                    creation_time, ts)
VALUES ('a69238ef-2fa3-49ab-a4d7-92c8e5b2558a', '2020-01-01', TRUE, 'Test description', 'Some task 1', '0e512b36-e35a-42ce-8bbc-95c6c157750e', '6f2228c5-76ff-44c4-b4ca-304994e90efa', '2021-04-17 22:00:00.00', 0),
       ('12d4d632-2a8c-45bb-aa7b-b8511147b625', '2020-01-01', TRUE, 'Test description', 'Some task 2', '0e512b36-e35a-42ce-8bbc-95c6c157750e', '6f2228c5-76ff-44c4-b4ca-304994e90efa', '2021-04-17 22:00:00.00', 0),
       ('ff58432a-6321-466e-a47a-14b1116c9c9c', '2020-01-01', TRUE, 'Test description', 'Some task 3', '0e512b36-e35a-42ce-8bbc-95c6c157750e', '6f2228c5-76ff-44c4-b4ca-304994e90efa', '2021-04-17 22:00:00.00', 0),
       ('83742e19-84c7-4272-a620-dbf7c7e5291e', NULL, FALSE, 'Test description', 'Some task 4', '0e512b36-e35a-42ce-8bbc-95c6c157750e', '6f2228c5-76ff-44c4-b4ca-304994e90efa', '2021-04-17 22:00:00.00', 0),
       ('c60b96e9-919e-4da7-9831-58a0554aeae3', NULL, FALSE, 'Test description', 'Some task 5', 'cde986ce-3a67-4cc7-968e-a5830bda62fd', '6f2228c5-76ff-44c4-b4ca-304994e90efa', '2021-04-17 22:00:00.00', 0);


INSERT INTO timeboard_personal_task(id, done_date, done, description, name, personal_group_task_id, user_id,
                                    creation_time, ts)
VALUES ('80f33de4-c7ce-4658-8d2d-cfec127b137c', '2020-02-08', TRUE, 'Test description', 'Some task 1', '593971d8-24d5-4a01-a983-0ff1082b8fee', 'b92f1bd4-d7c9-4cbd-8d62-1f4f5e9bc908', '2021-04-17 22:00:00.00', 0),
       ('f29a15a2-f666-4862-bbb0-25f5e597055b', '2020-02-11', TRUE, 'Test description', 'Some task 2', '593971d8-24d5-4a01-a983-0ff1082b8fee', 'b92f1bd4-d7c9-4cbd-8d62-1f4f5e9bc908', '2021-04-17 22:00:00.00', 0),
       ('506c90ef-28f8-4b47-9339-5795080ff3a7', '2020-02-15', TRUE, 'Test description', 'Some task 3', '593971d8-24d5-4a01-a983-0ff1082b8fee', 'b92f1bd4-d7c9-4cbd-8d62-1f4f5e9bc908', '2021-04-17 22:00:00.00', 0),
       ('c1b07748-a0a0-459d-9433-cd57b6b9f735', NULL, FALSE, 'Test description', 'Some task 4', '8148b638-5a15-408e-a9cd-df44cd6d814a', 'b92f1bd4-d7c9-4cbd-8d62-1f4f5e9bc908', '2021-04-17 22:00:00.00', 0),
       ('b2d562f7-8efc-4d2d-b6e4-9440d5d3d639', NULL, FALSE, 'Test description', 'Some task 5', '8148b638-5a15-408e-a9cd-df44cd6d814a', 'b92f1bd4-d7c9-4cbd-8d62-1f4f5e9bc908', '2021-04-17 22:00:00.00', 0),
       ('f4c8ef1c-869b-4c74-a50a-426b4f4c3814', '2020-02-08', TRUE, 'Test description', 'Some task 1', '35ac86aa-eb16-49ed-a784-f61729adce61', 'db74f4f1-dadc-4b1f-a817-0aaafededfcc', '2021-04-17 22:00:00.00', 0),
       ('45a579f3-99da-4874-8c8b-cf24587a95e1', '2020-02-11', TRUE, 'Test description', 'Some task 2', '35ac86aa-eb16-49ed-a784-f61729adce61', 'db74f4f1-dadc-4b1f-a817-0aaafededfcc', '2021-04-17 22:00:00.00', 0),
       ('23c80308-3999-4b3f-83be-d8572561a6ca', '2020-02-15', TRUE, 'Test description', 'Some task 3', '35ac86aa-eb16-49ed-a784-f61729adce61', 'db74f4f1-dadc-4b1f-a817-0aaafededfcc', '2021-04-17 22:00:00.00', 0),
       ('f3d37591-45e8-4d75-9ad3-f7e0b3b378df', NULL, FALSE, 'Test description', 'Some task 4', 'fa8cdb48-c658-4192-8f9b-473f399ae051', 'db74f4f1-dadc-4b1f-a817-0aaafededfcc', '2021-04-17 22:00:00.00', 0),
       ('40a46de6-1c5d-4045-8133-d687d1019bb6', NULL, FALSE, 'Test description', 'Some task 5', 'fa8cdb48-c658-4192-8f9b-473f399ae051', 'db74f4f1-dadc-4b1f-a817-0aaafededfcc', '2021-04-17 22:00:00.00', 0);


INSERT INTO timeboard_personal_task_attachment(id, attachment_name, url, personal_task_id, creation_time, ts)
VALUES ('34a58b33-663d-42e7-b8e4-3d0d688c99c9', 'Funy cat.jpg', '/some/directory/for/attachment1', 'a69238ef-2fa3-49ab-a4d7-92c8e5b2558a', '2021-04-17 22:00:00.00', 0),
       ('5ed9eaf7-1532-40ea-b875-5d2d08d19352', 'Dva Parna v Shapkah.jpg', '/some/directory/for/attachment2', 'a69238ef-2fa3-49ab-a4d7-92c8e5b2558a', '2021-04-17 22:00:00.00', 0),
       ('8134b6b5-da02-4fa1-8296-e38a7bfb4753', 'BrowserPornHistory.XYZ', '/some/directory/for/attachment3', 'a69238ef-2fa3-49ab-a4d7-92c8e5b2558a', '2021-04-17 22:00:00.00', 0),
       ('dcf83206-4e28-4c20-ae85-fb890e398c6a', 'DIPLOMXXX.word', '/some/directory/for/attachment4', '80f33de4-c7ce-4658-8d2d-cfec127b137c', '2021-04-17 22:00:00.00', 0),
       ('0e0d7575-9eea-45ce-bd72-a1208905fd34', 'java_kek.class', '/some/directory/for/attachment5', '80f33de4-c7ce-4658-8d2d-cfec127b137c', '2021-04-17 22:00:00.00', 0),
       ('b7272c9f-42ac-4b4a-97a5-7c6ef11233de', 'porn.mp4', '/some/directory/for/attachment6', 'c1b07748-a0a0-459d-9433-cd57b6b9f735', '2021-04-17 22:00:00.00', 0),
       ('184a893d-2c2c-46d0-93dc-1e0d33eb941d', 'some_film.mp4', '/some/directory/for/attachment7', 'c1b07748-a0a0-459d-9433-cd57b6b9f735', '2021-04-17 22:00:00.00', 0),
       ('a967d161-be2a-4ab4-bf18-377a7983bf39', '.gitignore', '/some/directory/for/attachment8', 'f3d37591-45e8-4d75-9ad3-f7e0b3b378df', '2021-04-17 22:00:00.00', 0),
       ('6b39945b-c511-4935-9f3d-30eea9e8fd32', 'screenshot_0001.jpg', '/some/directory/for/attachment9', 'f3d37591-45e8-4d75-9ad3-f7e0b3b378df', '2021-04-17 22:00:00.00', 0),
        ('a55809eb-0345-4a68-b8b5-0ccc22ec6e55', 'screenshot_0002.jpg', '/some/directory/for/attachment10', 'f3d37591-45e8-4d75-9ad3-f7e0b3b378df', '2021-04-17 22:00:00.00', 0);


INSERT INTO timeboard_project_dashboard(id, project_name, project_code, description, creation_time, ts)
VALUES ('e0e8b93c-3c31-4c29-bd12-be6c37de01df', 'Test Project', 'TP', 'Some Description', '2021-04-17 22:00:00.00', 0);


INSERT INTO timeboard_project_user(id, user_id, project_id, joining_date, leaving_date, creation_time, ts)
VALUES ('387909eb-7447-426a-b578-1447498be675', '6f2228c5-76ff-44c4-b4ca-304994e90efa', 'e0e8b93c-3c31-4c29-bd12-be6c37de01df', '2020-01-02', NULL, '2021-04-17 22:00:00.00', 0),
       ('a0de5ed5-1204-44b1-bc96-ceace661dd48', 'b92f1bd4-d7c9-4cbd-8d62-1f4f5e9bc908','e0e8b93c-3c31-4c29-bd12-be6c37de01df', '2020-01-03', NULL, '2021-04-17 22:00:00.00', 0),
       ('c109854b-2b99-417b-9d81-4fc23f5717a5', 'db74f4f1-dadc-4b1f-a817-0aaafededfcc','e0e8b93c-3c31-4c29-bd12-be6c37de01df', '2020-01-03', NULL, '2021-04-17 22:00:00.00', 0),
       ('c685721c-f704-493e-bebb-107766bbf25a', '5ffe3bd6-3940-4e44-89fe-dc014d46cb6c','e0e8b93c-3c31-4c29-bd12-be6c37de01df', '2020-01-05', NULL, '2021-04-17 22:00:00.00', 0),
       ('33ddf909-9d85-46b2-9c2f-1ca686f4bdba', 'c209f968-617b-4781-ab8a-317ff8d72821','e0e8b93c-3c31-4c29-bd12-be6c37de01df', '2020-01-05', NULL, '2021-04-17 22:00:00.00', 0),
       ('31615395-8ad5-437c-9ab4-2eaea4e51552', '7a9d07f2-9d6b-415e-aee4-7809dfd0f442','e0e8b93c-3c31-4c29-bd12-be6c37de01df', '2020-01-06', NULL, '2021-04-17 22:00:00.00', 0);



INSERT INTO timeboard_group_task(id, name, creation_time, ts)
VALUES ('be2b03a1-ebaa-4dee-bb36-394f708e67b6', 'Work', '2021-04-17 22:00:00.00', 0),
       ('ee5f988f-cc8f-4a9d-a304-4c59f45f757b', 'Home', '2021-04-17 22:00:00.00', 0),
       ('bb12fe4f-ada1-4184-8b56-e4bd667c7203', 'Films', '2021-04-17 22:00:00.00', 0),
       ('a186bfc5-98a3-4f83-83fb-886e9deee2a5', 'Shop', '2021-04-17 22:00:00.00', 0),
       ('d0a551cf-7ba7-4142-9491-f4c8022a945a', 'Car', '2021-04-17 22:00:00.00', 0),
       ('62f12558-e257-4951-b09c-b79ae6ec4b1b', 'Dreams', '2021-04-17 22:00:00.00', 0),
       ('5766029f-ffa1-48b3-a12e-e527042f6780', 'Games', '2021-04-17 22:00:00.00', 0),
       ('daf60b4c-f4df-4617-b3d8-db76ad90cc01', 'Friends', '2021-04-17 22:00:00.00', 0),
       ('11ddd2ac-8b33-4e19-8dbc-f1086ecc35f4', 'Cat', '2021-04-17 22:00:00.00', 0),
       ('4893700f-c617-4804-a449-84e1cdd450b0', 'Family', '2021-04-17 22:00:00.00', 0);


INSERT INTO timeboard_role(id, name, access_level, project_id, creation_time, ts)
VALUES ('eacb71a3-43ea-4ec6-8110-6de992f450df', 'Administrator', 3, 'e0e8b93c-3c31-4c29-bd12-be6c37de01df', '2021-04-17 22:00:00.00', 0),
       ('9d8f848d-9896-4363-9f46-a196477ab49c', 'Moderator', 2, 'e0e8b93c-3c31-4c29-bd12-be6c37de01df', '2021-04-17 22:00:00.00', 0),
       ('dac5197e-d794-4281-870e-60baef6dfea2', 'Common user', 1, 'e0e8b93c-3c31-4c29-bd12-be6c37de01df', '2021-04-17 22:00:00.00', 0);


INSERT INTO timeboard_step(id, name, project_id, creation_time, ts)
VALUES ('55e797e4-1c18-48e5-b4e9-1573970c5449', 'In Test', 'e0e8b93c-3c31-4c29-bd12-be6c37de01df', '2021-04-17 22:00:00.00', 0),
       ('41f020ab-33a8-4ce6-94f9-84d5763c5eb5', 'In Market', 'e0e8b93c-3c31-4c29-bd12-be6c37de01df', '2021-04-17 22:00:00.00', 0),
       ('eeaace03-fa8e-4554-b765-1281e77b71fa', 'In Review', 'e0e8b93c-3c31-4c29-bd12-be6c37de01df', '2021-04-17 22:00:00.00', 0),
       ('508c786a-cb91-4f97-b91d-897c6a884f8b', 'In Planing', 'e0e8b93c-3c31-4c29-bd12-be6c37de01df', '2021-04-17 22:00:00.00', 0),
       ('19eab84d-e9a9-43e6-96a5-da98f7e9cb89', 'In Dreaming', 'e0e8b93c-3c31-4c29-bd12-be6c37de01df', '2021-04-17 22:00:00.00', 0),
       ('f096a5b5-e24c-4c79-a5d1-6a4b0a811c6f', 'To do', 'e0e8b93c-3c31-4c29-bd12-be6c37de01df', '2021-04-17 22:00:00.00', 0),
       ('90bfd25b-1451-4338-bcd1-f0e12c22f249', 'In progress', 'e0e8b93c-3c31-4c29-bd12-be6c37de01df', '2021-04-17 22:00:00.00', 0),
       ('c9165da4-f69c-4d76-92cd-2befd7626a9b', 'Done', 'e0e8b93c-3c31-4c29-bd12-be6c37de01df', '2021-04-17 22:00:00.00', 0);


INSERT INTO timeboard_task(id, "number", full_code, done_date, last_modified_time, description, name,
                           project_id, step_id, group_task_id, executor_id, reported_id, creation_time, ts)
VALUES ('a0dafb99-4213-4de6-a2b2-22797aa075e4', 1, 'TP-1', NULL, '2020-03-04', 'Some Description','Some task №1', 'e0e8b93c-3c31-4c29-bd12-be6c37de01df', 'f096a5b5-e24c-4c79-a5d1-6a4b0a811c6f', 'ee5f988f-cc8f-4a9d-a304-4c59f45f757b', '387909eb-7447-426a-b578-1447498be675', '387909eb-7447-426a-b578-1447498be675', '2021-04-17 22:00:00.00', 0),
       ('fa779c8b-e652-418a-94b8-2eb739f703dc', 2, 'TP-2', NULL, '2020-03-04', 'Some Description', 'Some task №2', 'e0e8b93c-3c31-4c29-bd12-be6c37de01df', 'f096a5b5-e24c-4c79-a5d1-6a4b0a811c6f', 'ee5f988f-cc8f-4a9d-a304-4c59f45f757b', 'a0de5ed5-1204-44b1-bc96-ceace661dd48', '387909eb-7447-426a-b578-1447498be675', '2021-04-17 22:00:00.00', 0),
       ('90e616e0-8c13-42e9-a1be-a9c2ffd736e2', 3, 'TP-3', '2020-03-06', '2020-03-06', 'Some Description', 'Some task №3', 'e0e8b93c-3c31-4c29-bd12-be6c37de01df', 'c9165da4-f69c-4d76-92cd-2befd7626a9b', 'daf60b4c-f4df-4617-b3d8-db76ad90cc01', 'c109854b-2b99-417b-9d81-4fc23f5717a5', 'a0de5ed5-1204-44b1-bc96-ceace661dd48', '2021-04-17 22:00:00.00', 0),
       ('7257d1f5-39f8-4d89-b565-e39f7578f822', 4, 'TP-4', NULL, '2020-03-05', 'Some Description', 'Some task №4', 'e0e8b93c-3c31-4c29-bd12-be6c37de01df', '90bfd25b-1451-4338-bcd1-f0e12c22f249', 'be2b03a1-ebaa-4dee-bb36-394f708e67b6', 'c685721c-f704-493e-bebb-107766bbf25a', 'c109854b-2b99-417b-9d81-4fc23f5717a5', '2021-04-17 22:00:00.00', 0),
       ('a9d4bc61-c659-4235-825f-0860c2e59049', 5, 'TP-5', NULL, '2020-03-10', 'Some Description', 'Some task №5', 'e0e8b93c-3c31-4c29-bd12-be6c37de01df', '90bfd25b-1451-4338-bcd1-f0e12c22f249', 'be2b03a1-ebaa-4dee-bb36-394f708e67b6', '33ddf909-9d85-46b2-9c2f-1ca686f4bdba', '387909eb-7447-426a-b578-1447498be675', '2021-04-17 22:00:00.00', 0),
       ('15b98bd4-ef0a-4b27-ac7c-dd5222a90470', 6, 'TP-6', '2020-03-20', '2020-03-20', 'Some Description', 'Some task №6', 'e0e8b93c-3c31-4c29-bd12-be6c37de01df', 'c9165da4-f69c-4d76-92cd-2befd7626a9b', '62f12558-e257-4951-b09c-b79ae6ec4b1b', '31615395-8ad5-437c-9ab4-2eaea4e51552', 'c685721c-f704-493e-bebb-107766bbf25a', '2021-04-17 22:00:00.00', 0);


INSERT INTO timeboard_task_attachment(id, task_id, attachment_name, url, creation_time, ts)
VALUES ('d7a30a2f-f10a-42de-903c-cbbed0340852', '90e616e0-8c13-42e9-a1be-a9c2ffd736e2', 'kek.config', '/path/to/attachment1', '2021-04-17 22:00:00.00', 0),
       ('4cec9652-8a4b-4f22-9eb5-2c5a09473171', '90e616e0-8c13-42e9-a1be-a9c2ffd736e2', 'file.py', '/path/to/attachment2', '2021-04-17 22:00:00.00', 0),
       ('2f915dd1-b72a-4d77-9a13-921020a5de7b', '7257d1f5-39f8-4d89-b565-e39f7578f822', 'screenshot.jpg', '/path/to/attachment3', '2021-04-17 22:00:00.00', 0),
       ('62c6fe45-2ad6-47ca-9c6b-d272f35dd729', '7257d1f5-39f8-4d89-b565-e39f7578f822', 'YOBA_FACE.Gif', '/path/to/attachment4', '2021-04-17 22:00:00.00', 0),
       ('0e226337-314c-44f0-90b6-059b92330595', '15b98bd4-ef0a-4b27-ac7c-dd5222a90470', 'some attachemnt.exe', '/path/to/attachment5', '2021-04-17 22:00:00.00', 0),
       ('8bc3dc91-00a5-4ed8-9ed5-e26b918f1582', 'a9d4bc61-c659-4235-825f-0860c2e59049', 'readme.md', '/path/to/attachment6', '2021-04-17 22:00:00.00', 0),
       ('c699c335-84b9-41ae-b54d-2653853bfe78', 'a0dafb99-4213-4de6-a2b2-22797aa075e4', 'iddqd.tar.gz', '/path/to/attachment7', '2021-04-17 22:00:00.00', 0);


INSERT INTO timeboard_comment(id, last_modified_time, author_id, task_id, comment_text, creation_time,
                              ts)
VALUES ('a02cd5a7-a408-40d0-b7db-ef2aec362c95', '2020-03-06', '31615395-8ad5-437c-9ab4-2eaea4e51552', '90e616e0-8c13-42e9-a1be-a9c2ffd736e2', 'Some comment text', '2021-04-17 22:00:00.00', 0),
       ('2e4a97db-dd10-4340-9247-4e3245dbc318', '2020-03-07', '33ddf909-9d85-46b2-9c2f-1ca686f4bdba', '90e616e0-8c13-42e9-a1be-a9c2ffd736e2', 'Some comment text', '2021-04-17 22:00:00.00', 0),
       ('8f94df89-bbb0-49b0-92db-1026bc09daa4', '2020-03-05', 'c685721c-f704-493e-bebb-107766bbf25a', '7257d1f5-39f8-4d89-b565-e39f7578f822', 'Some comment text', '2021-04-17 22:00:00.00', 0),
       ('5532a208-321f-4811-b2a4-7acd6e76ddec', '2020-03-05', 'c109854b-2b99-417b-9d81-4fc23f5717a5', '7257d1f5-39f8-4d89-b565-e39f7578f822', 'Some comment text', '2021-04-17 22:00:00.00', 0),
       ('da5b2bdb-75d0-4627-aa99-85e2d62f1016', '2020-03-06', '387909eb-7447-426a-b578-1447498be675', '15b98bd4-ef0a-4b27-ac7c-dd5222a90470', 'Some comment text', '2021-04-17 22:00:00.00', 0);


INSERT INTO timeboard_comment_attachment(id, comment_id, attachment_name, url, creation_time, ts)
VALUES ('61e690f4-05d7-4d7d-a5f1-b09d455d9eb2', 'a02cd5a7-a408-40d0-b7db-ef2aec362c95', 'SomeFile.sh', '/path/to/attachment11', '2021-04-17 22:00:00.00', 0),
       ('d4bef4a4-b958-4795-9e64-6061d65b3868', 'a02cd5a7-a408-40d0-b7db-ef2aec362c95', 'SomeFile.class', '/path/to/attachment12', '2021-04-17 22:00:00.00', 0),
       ('f2044c94-f094-41d1-9c22-54e36f269a5e', '2e4a97db-dd10-4340-9247-4e3245dbc318', 'SomeFile.tar.gz', '/path/to/attachment13', '2021-04-17 22:00:00.00', 0),
       ('12d12fd6-2790-484d-897d-2bf21145f599', '8f94df89-bbb0-49b0-92db-1026bc09daa4', 'SomeFile.zip', '/path/to/attachment14', '2021-04-17 22:00:00.00', 0),
       ('43cebf67-9a2d-4a95-ad61-706127e81436', '5532a208-321f-4811-b2a4-7acd6e76ddec', 'SomeFile.py', '/path/to/attachment15', '2021-04-17 22:00:00.00', 0),
       ('6485e1ff-a6be-4857-893c-0aa03fa1b4a3', 'da5b2bdb-75d0-4627-aa99-85e2d62f1016', 'SomeFile.swift', '/path/to/attachment16', '2021-04-17 22:00:00.00', 0),
       ('a83554ee-5748-4a5e-8b2f-c9b158204334', 'da5b2bdb-75d0-4627-aa99-85e2d62f1016', 'SomeFile.js', '/path/to/attachment17', '2021-04-17 22:00:00.00', 0);


INSERT INTO timeboard_commit(id, date, hash, diff_url, message, author_id, creation_time, ts)
VALUES ('681b78b6-9984-418c-8bdb-657271ae502b', '2020-03-05', 'uouPRp288X', '/some/diff/url11', 'Some message', 'c109854b-2b99-417b-9d81-4fc23f5717a5', '2021-04-17 22:00:00.00', 0),
       ('29606380-6072-4dd4-b6e6-97a03cb0c376', '2020-03-06', '8274sEbsr7', '/some/diff/url12', 'Some message', 'c109854b-2b99-417b-9d81-4fc23f5717a5', '2021-04-17 22:00:00.00', 0),
       ('326fc3fb-4f40-4130-8c85-56339c568421', '2020-03-05', 'Vg3ojWMV6I', '/some/diff/url13', 'Some message', 'c685721c-f704-493e-bebb-107766bbf25a', '2021-04-17 22:00:00.00', 0),
       ('56ad7ea0-5cd3-46c3-9e3f-79b3938cd60f', '2020-03-06', 'ahzoQ8ewlL', '/some/diff/url14', 'Some message', '33ddf909-9d85-46b2-9c2f-1ca686f4bdba', '2021-04-17 22:00:00.00', 0),
       ('b6c812ce-efdc-407e-bbe6-b7e8e5e82d35', '2020-03-10', 'OUKdVcR6pU', '/some/diff/url15', 'Some message', '33ddf909-9d85-46b2-9c2f-1ca686f4bdba', '2021-04-17 22:00:00.00', 0),
       ('8c684ebb-30ed-46d8-869c-c6e72e45b786', '2020-03-06', 'wyxzCHn3CZ', '/some/diff/url16', 'Some message', '31615395-8ad5-437c-9ab4-2eaea4e51552', '2021-04-17 22:00:00.00', 0),
       ('c7ede16b-d8d6-4a97-ae83-b4450a5cd4fc', '2020-03-10', 'LGgC07Kl8F', '/some/diff/url17', 'Some message', '31615395-8ad5-437c-9ab4-2eaea4e51552', '2021-04-17 22:00:00.00', 0),
       ('1eff9893-348b-4f45-884d-11c8c1696c3c', '2020-03-15', 'NAtPhxaAyk', '/some/diff/url18', 'Some message', '31615395-8ad5-437c-9ab4-2eaea4e51552', '2021-04-17 22:00:00.00', 0),
       ('a16b7c85-e039-482e-bcaf-5231465e5495', '2020-03-20', 'vSTWk38IND', '/some/diff/url19', 'Some message', '31615395-8ad5-437c-9ab4-2eaea4e51552', '2021-04-17 22:00:00.00', 0);

INSERT INTO timeboard_task_commit(id, task_id, commit_id, creation_time, ts)
VALUES ('70e54219-c5b7-458b-8477-6a99c43fa902', '90e616e0-8c13-42e9-a1be-a9c2ffd736e2', '681b78b6-9984-418c-8bdb-657271ae502b', '2021-04-17 22:00:00.00', 0),
       ('5197c138-e7ab-441c-8d92-f27e8f1fe47e', '90e616e0-8c13-42e9-a1be-a9c2ffd736e2', '29606380-6072-4dd4-b6e6-97a03cb0c376', '2021-04-17 22:00:00.00', 0),
       ('99722ef4-71ae-444a-9a7d-353651ff9ab8', '7257d1f5-39f8-4d89-b565-e39f7578f822', '326fc3fb-4f40-4130-8c85-56339c568421', '2021-04-17 22:00:00.00', 0),
       ('0a45d7e4-888a-4a2b-b47c-d5787f93d0bd', 'a9d4bc61-c659-4235-825f-0860c2e59049', '56ad7ea0-5cd3-46c3-9e3f-79b3938cd60f', '2021-04-17 22:00:00.00', 0),
       ('a1ae2ac7-cd60-44ed-b558-97cfa442e22e', 'a9d4bc61-c659-4235-825f-0860c2e59049', 'b6c812ce-efdc-407e-bbe6-b7e8e5e82d35', '2021-04-17 22:00:00.00', 0),
       ('fb10452a-431f-478a-aefe-36f398acabbd', '15b98bd4-ef0a-4b27-ac7c-dd5222a90470', '8c684ebb-30ed-46d8-869c-c6e72e45b786', '2021-04-17 22:00:00.00', 0),
       ('22ab353e-4473-4d47-9e37-8b7a0b2f2403', '15b98bd4-ef0a-4b27-ac7c-dd5222a90470', 'c7ede16b-d8d6-4a97-ae83-b4450a5cd4fc', '2021-04-17 22:00:00.00', 0),
       ('368de9dd-4315-4504-a88c-d102a03616a6', '15b98bd4-ef0a-4b27-ac7c-dd5222a90470', '1eff9893-348b-4f45-884d-11c8c1696c3c', '2021-04-17 22:00:00.00', 0),
       ('14eecc78-d195-417f-91e4-0f1a83e1c168', '15b98bd4-ef0a-4b27-ac7c-dd5222a90470', 'a16b7c85-e039-482e-bcaf-5231465e5495', '2021-04-17 22:00:00.00', 0);


INSERT INTO timeboard_task_observer(id, task_id, observer_id, creation_time, ts)
VALUES ('e5e41a3b-79b3-487d-a3b4-c282c812dedc', 'a0dafb99-4213-4de6-a2b2-22797aa075e4', '387909eb-7447-426a-b578-1447498be675', '2021-04-17 22:00:00.00', 0),
       ('10bb0b1a-111b-4a3c-814b-89b6bd692654', 'fa779c8b-e652-418a-94b8-2eb739f703dc', 'a0de5ed5-1204-44b1-bc96-ceace661dd48', '2021-04-17 22:00:00.00', 0),
       ('d21d1e7c-e038-4e98-8df5-23e69720e909', '90e616e0-8c13-42e9-a1be-a9c2ffd736e2', '387909eb-7447-426a-b578-1447498be675', '2021-04-17 22:00:00.00', 0),
       ('e4430fc3-db29-4bad-a9e1-38386c3cfb5e', '90e616e0-8c13-42e9-a1be-a9c2ffd736e2', 'a0de5ed5-1204-44b1-bc96-ceace661dd48', '2021-04-17 22:00:00.00', 0),
       ('0917186f-979c-4058-ad9d-1dbc11c77476', '90e616e0-8c13-42e9-a1be-a9c2ffd736e2', '31615395-8ad5-437c-9ab4-2eaea4e51552', '2021-04-17 22:00:00.00', 0),
       ('07fcd3b7-47f0-41f6-8296-394ed10f7460', '7257d1f5-39f8-4d89-b565-e39f7578f822', 'c109854b-2b99-417b-9d81-4fc23f5717a5', '2021-04-17 22:00:00.00', 0),
       ('2119d46f-a299-4df6-b6a1-c2e91788d8ab', 'a9d4bc61-c659-4235-825f-0860c2e59049', '31615395-8ad5-437c-9ab4-2eaea4e51552', '2021-04-17 22:00:00.00', 0),
       ('ee13a086-32b9-4d15-be4c-b2b7e0e7df71', '15b98bd4-ef0a-4b27-ac7c-dd5222a90470', 'a0de5ed5-1204-44b1-bc96-ceace661dd48', '2021-04-17 22:00:00.00', 0),
       ('41ae32ac-69cb-4974-b358-9bb9709447a3', '15b98bd4-ef0a-4b27-ac7c-dd5222a90470', '387909eb-7447-426a-b578-1447498be675', '2021-04-17 22:00:00.00', 0),
       ('8fa5e544-3e05-4698-ac71-731330d42b58', '15b98bd4-ef0a-4b27-ac7c-dd5222a90470', 'c685721c-f704-493e-bebb-107766bbf25a', '2021-04-17 22:00:00.00', 0);


INSERT INTO user_role(project_user, role)
VALUES ('387909eb-7447-426a-b578-1447498be675', 'eacb71a3-43ea-4ec6-8110-6de992f450df'),
       ('a0de5ed5-1204-44b1-bc96-ceace661dd48', '9d8f848d-9896-4363-9f46-a196477ab49c'),
       ('c109854b-2b99-417b-9d81-4fc23f5717a5', 'dac5197e-d794-4281-870e-60baef6dfea2'),
       ('c685721c-f704-493e-bebb-107766bbf25a', 'dac5197e-d794-4281-870e-60baef6dfea2'),
       ('33ddf909-9d85-46b2-9c2f-1ca686f4bdba', 'dac5197e-d794-4281-870e-60baef6dfea2'),
       ('31615395-8ad5-437c-9ab4-2eaea4e51552', 'dac5197e-d794-4281-870e-60baef6dfea2');
